x	y	class	name	color
548.4782608695652	212.84782608695653		3	1179648
329.1664887940235	238.39701173959446		1	851968
602.9751381215469	321.6325966850829		3	1179648
