x	y	class	name	color
361.24675324675326	181.1103896103896		3	1179648
87.5916955017301	231.23529411764707		3	1179648
91.26375404530745	252.05501618122977		3	1179648
569.3462783171522	375.0744336569579		3	1179648
