x	y	class	name	color
107.816	4.168		3	1179648
343.5681818181818	24.113636363636363		3	1179648
176.28411910669976	46.364764267990076		3	1179648
343.7350427350427	38.8974358974359		3	1179648
156.15068493150685	79.79452054794521		3	1179648
354.8412698412698	175.05820105820106		0	655360
373.46058091286307	216.31535269709545		3	1179648
323.23308270676694	285.81954887218046		2	983040
496.9617486338798	398.56010928961746		1	851968
