x	y	class	name	color
66.69465648854961	130.06870229007635		3	1179648
167.62709030100334	302.4916387959866		3	1179648
111.16008771929825	450.18859649122805		3	1179648
