x	y	class	name	color
558.7659574468086	43.56170212765957		3	1179648
663.7515923566879	102.73885350318471		3	1179648
548.0714285714286	174.0		3	1179648
538.0091743119266	223.23853211009174		3	1179648
471.09395973154363	280.96644295302013		3	1179648
606.6967741935484	418.69032258064516		3	1179648
640.8558558558559	438.86306306306307		3	1179648
