x	y	class	name	color
683.1538461538462	5.325443786982248		1	851968
163.1796875	8.265625		3	1179648
195.52727272727273	67.43636363636364		3	1179648
493.5032119914347	202.75802997858673		3	1179648
354.05479452054794	309.9657534246575		3	1179648
9.95	450.75		3	1179648
