x	y	class	name	color
587.2229508196722	361.2229508196721		1	851968
87.74468085106383	451.8		3	1179648
398.7767441860465	451.8837209302326		3	1179648
