x	y	class	name	color
453.9410745233969	11.578856152512998		3	1179648
427.75698324022346	54.488826815642454		3	1179648
695.4434782608696	66.7304347826087		3	1179648
284.1611570247934	132.5082644628099		3	1179648
566.4804845222072	357.9488559892328		3	1179648
521.3720930232558	437.58720930232556		3	1179648
240.8658536585366	451.4390243902439		3	1179648
24.053658536585367	452.26341463414633		1	851968
